date,time,date_time,id,manager,system,rate,opponent_rate,opponent_system,possesion,shot,pass,GF,GA,result,scorer,assist,scorer,assist,scorer,assist,scorer,assist,scorer,assist,scorer,assist,scorer,assist,scorer,assist
5/14/2021,23:00:00,5/14/2021 23:00,1,4,3142,1212,CP,4213,0.5,5,0.85,3,3,引,Rummenigge,,Rummenigge,,​Arnold,,失点,,失点,,失点,Martial,,,,
5/15/2021,0:00:00,5/16/2021 0:00,2,4,3142,1212,CP,4222,0.48,6,0.84,4,0,勝,Rummenigge,,Rummenigge,,Messi,,Rummenigge,,,,,,,,,
5/16/2021,1:00:00,5/16/2021 1:00,3,4,3142,1212,CP,4123,0.53,8,0.9,4,0,勝,Messi,,Cruijff,,Cruijff,,Cruijff,,,,,,,,,
5/16/2021,2:00:00,5/16/2021 2:00,4,4,3142,1212,CP,4231,0.49,8,0.91,4,1,勝,Rummenigge,,Messi,,Isak,,Isak,,失点,,,,,,,
5/16/2021,3:00:00,5/16/2021 3:00,5,4,3142,1212,CP,4213,0.43,5,0.76,3,1,勝,Messi,,Cruijff,,Rodrigo,,失点,,,,,,,,,
5/16/2021,4:00:00,5/16/2021 4:00,6,4,3142,1212,CP,4213,0.55,4,0.88,2,1,勝,Rummenigge,,Cruijff,,失点,,,,,,,,,,,
5/16/2021,5:00:00,5/16/2021 5:00,7,4,3142,1212,CP,433,0.45,3,0.8,1,0,勝,Rummenigge,,,,,,,,,,,,,,,
5/16/2021,6:00:00,5/16/2021 6:00,8,4,3142,1212,CP,4213,0.53,9,0.86,4,0,勝,Cruijff,,Rummenigge,,Rummenigge,,Havertz,,,,,,,,,
5/16/2021,7:00:00,5/16/2021 7:00,9,4,3142,1212,CP,4213,0.56,5,0.89,4,0,勝,Rummenigge,,Saul,,Rummenigge,,Cruijff,,,,,,,,,
5/16/2021,8:00:00,5/16/2021 8:00,10,4,3142,1212,CP,433,0.52,5,0.85,3,0,勝,Messi,,Rummenigge,,Cruijff,,,,,,,,,,,
5/16/2021,9:00:00,5/16/2021 9:00,11,4,3142,1212,CP,4213,0.42,3,0.79,2,1,勝,Messi,,Totti,,失点,,,,,,,,,,,
5/16/2021,10:00:00,5/16/2021 10:00,12,4,3142,1212,CP,433,0.49,6,0.86,0,0,引,,,,,,,,,,,,,,,,
5/16/2021,11:00:00,5/16/2021 11:00,13,4,3142,1212,CP,433,0.49,6,0.91,2,1,勝,Boadu,,Nedved,,失点,,,,,,,,,,,
5/16/2021,12:00:00,5/16/2021 12:00,14,4,3142,1212,CP,433,0.5,4,0.84,2,3,負,Totti,,Isak,,失点,,失点,,失点,,,,,,,
5/16/2021,13:00:00,5/16/2021 13:00,15,4,3142,1212,CP,4213,0.47,9,0.87,3,0,勝,Totti,,Ronaldo,,Totti,,,,,,,,,,,
5/16/2021,14:00:00,5/16/2021 14:00,16,4,3142,1212,1224,3421,0.6,7,0.82,3,0,勝,Totti,,Boadu,,Felix,,,,,,,,,,,
5/16/2021,15:00:00,5/16/2021 15:00,17,4,3142,1230,1390,4312,0.55,7,0.84,2,1,勝,Boadu,,Isak,,失点,,,,,,,,,,,
5/16/2021,16:00:00,5/16/2021 16:00,18,4,3142,1248,1210,3241,,,,2,0,勝,Boadu,,Totti,,,,,,,,,,,,,
5/16/2021,17:00:00,5/16/2021 17:00,19,4,3142,1253,1325,4213,0.59,9,0.88,3,0,勝,Rodrigo,,Totti,,Messi,,,,,,,,,,,
5/16/2021,18:00:00,5/16/2021 18:00,20,4,3142,1267,1442,5212,0.52,4,0.84,1,1,引,Ronaldo,,失点,,,,,,,,,,,,,
5/16/2021,19:00:00,5/16/2021 19:00,21,4,3142,1273,1561,433,0.48,2,0.83,0,1,負,失点,,,,,,,,,,,,,,,
5/16/2021,20:00:00,5/16/2021 20:00,22,4,3142,1270,1001,4213,0.59,5,0.84,3,2,勝,Totti,,Ronaldo,,失点,,失点,,Isak,,,,,,,
5/16/2021,21:00:00,5/16/2021 21:00,23,4,3142,1275,CP,4213,0.49,6,0.84,2,0,勝,Totti,,Messi,,,,,,,,,,,,,
5/16/2021,22:00:00,5/16/2021 22:00,24,4,3142,1275,CP,5122,0.47,4,0.85,2,0,勝,Messi,,Cruijff,,,,,,,,,,,,,
5/16/2021,23:00:00,5/16/2021 23:00,25,4,3142,1275,CP,4213,0.52,7,0.88,3,0,勝,Ronaldo,,Ronaldo,,Messi,,,,,,,,,,,
5/17/2021,0:00:00,5/18/2021 0:00,26,4,3142,1275,CP,4213,0.51,8,0.88,5,2,勝,Totti,,Boadu,,Ronaldo,,Boadu,,Messi,,失点,,失点,,,
5/18/2021,1:00:00,5/18/2021 1:00,27,4,3142,1275,1273,4213,0.54,3,0.84,2,1,勝,Totti,,Totti,,失点,,,,,,,,,,,
5/18/2021,2:00:00,5/18/2021 2:00,28,4,3142,1283,CP,4222,0.44,5,0.82,1,2,負,失点,,失点,,Rummenigge,,,,,,,,,,,
5/18/2021,3:00:00,5/18/2021 3:00,29,4,3142,1283,CP,433,0.51,3,0.85,1,0,勝,Rummenigge,,,,,,,,,,,,,,,
5/18/2021,4:00:00,5/18/2021 4:00,30,4,3142,1283,CP,3133,0.59,7,0.87,4,0,勝,Rummenigge,,Rummenigge,,Rummenigge,,Cruijff,,,,,,,,,
5/18/2021,5:00:00,5/18/2021 5:00,31,4,3142,1283,CP,4213,0.5,5,0.81,1,0,勝,Cruijff,,,,,,,,,,,,,,,
5/18/2021,6:00:00,5/18/2021 6:00,32,4,3142,1283,CP,4222,0.56,4,0.89,0,0,引,,,,,,,,,,,,,,,,
5/18/2021,7:00:00,5/18/2021 7:00,33,4,3142,1283,CP,4222,0.47,4,0.85,2,0,勝,Messi,,Rummenigge,,,,,,,,,,,,,
5/18/2021,8:00:00,5/18/2021 8:00,34,4,3142,1283,CP,4222,0.54,11,0.85,1,1,引,Totti,,失点,,,,,,,,,,,,,
5/18/2021,9:00:00,5/18/2021 9:00,35,4,3142,1283,1300,4312,0.63,9,0.89,2,4,負,Rummenigge,,失点,,Rummenigge,,失点,,失点,,失点,,,,,
5/18/2021,10:00:00,5/18/2021 10:00,36,4,3142,1274,1280,4114,0.57,5,0.84,0,0,引,,,,,,,,,,,,,,,,
5/18/2021,11:00:00,5/18/2021 11:00,37,4,3142,1275,1009,4222,C,C,C,3,0,勝,Rummenigge,,Jonathan,,Rummenigge,,,,,,,,,,,
5/19/2021,12:00:00,5/19/2021 12:00,38,4,3142,1280,906,4312,0.52,4,0.88,0,2,負,失点,,失点,,,,,,,,,,,,,
5/20/2021,13:00:00,5/20/2021 13:00,39,4,3142,1262,1000,4123,0.64,10,0.86,5,1,勝,Rummenigge,,Rummenigge,,失点,,Rummenigge,,Totti,,Kimmich,,,,,
5/21/2021,14:00:00,5/21/2021 14:00,40,4,3142,1266,CP,433,0.55,7,0.82,3,2,勝,失点,,Rummenigge,,失点,,Cruijff,,Messi,,,,,,,
5/22/2021,15:00:00,5/22/2021 15:00,41,4,3142,1266,CP,4213,0.49,6,0.9,3,0,勝,Rummenigge,,Messi,,Kimmich,,,,,,,,,,,
5/23/2021,16:00:00,5/23/2021 16:00,42,4,3142,1266,CP,4213,0.43,7,0.84,1,1,引,失点,,Jonathan,,,,,,,,,,,,,
5/24/2021,17:00:00,5/24/2021 17:00,43,4,3142,1266,CP,433,0.45,5,0.87,2,1,勝,Rummenigge,,Rummenigge,,失点,,,,,,,,,,,
5/25/2021,18:00:00,5/25/2021 18:00,44,4,3142,1266,CP,4312,0.52,5,0.89,3,1,勝,Totti,,Messi,,失点,,Rummenigge,,,,,,,,,
5/26/2021,19:00:00,5/26/2021 19:00,45,4,3142,1266,CP,4321,0.51,6,0.83,3,0,勝,Jonathan,,Jonathan,,Messi,,,,,,,,,,,
5/27/2021,20:00:00,5/27/2021 20:00,46,4,3142,1266,CP,4213,0.46,4,0.82,1,1,引,Jonathan,,失点,,,,,,,,,,,,,
5/28/2021,21:00:00,5/28/2021 21:00,47,4,3142,1266,1305,3223,0.5,6,0.84,2,3,負,失点,,Rummenigge,,失点,,失点,,Martial,,,,,,,
5/29/2021,22:00:00,5/29/2021 22:00,48,4,3142,1256,1360,4312,C,C,C,3,1,勝,Jonathan,,Cruijff,,失点,,Martial,,,,,,,,,
5/30/2021,23:00:00,5/30/2021 23:00,49,4,3142,1271,1215,4213,0.51,5,0.8,2,4,負,失点,,失点,,Rummenigge,,失点,,失点,,Cruijff,,,,,
5/31/2021,0:00:00,6/1/2021 0:00,50,4,3142,1259,1386,3313,0.55,5,0.84,2,5,負,Rummenigge,,失点,,Messi,,失点,,失点,,失点,,失点,,,
6/1/2021,1:00:00,6/1/2021 1:00,51,4,3142,1252,1430,4312,C,C,C,3,0,勝,Rummenigge,,Rummenigge,,Rummenigge,,,,,,,,,,,
6/2/2021,2:00:00,6/2/2021 2:00,52,4,3142,1269,1213,5212,0.54,5,0.86,4,4,引,Ronaldinho,,失点,,失点,,Rummenigge,,失点,,失点,,Messi,,Jonathan,
6/3/2021,3:00:00,6/3/2021 3:00,53,4,3142,1260,1285,3322,C,C,C,3,0,勝,Totti,,Rummenigge,,Rummenigge,,,,,,,,,,,
6/4/2021,4:00:00,6/4/2021 4:00,54,4,3142,1272,1173,433,C,C,C,2,0,勝,Rummenigge,,Rummenigge,,,,,,,,,,,,,
6/5/2021,5:00:00,6/5/2021 5:00,55,4,3142,1281,1074,4123,0.54,5,0.78,1,0,勝,Cruijff,,,,,,,,,,,,,,,
6/6/2021,6:00:00,6/7/2021 5:00,56,4,3142,1281,CP,4222,0.54,5,0.81,1,0,勝,Messi,,,,,,,,,,,,,,,
6/6/2021,7:00:00,6/7/2021 6:00,57,4,3142,1281,CP,4222,0.49,7,0.88,3,1,勝,Totti,,Havertz,,Messi,,失点,,,,,,,,,
6/6/2021,8:00:00,6/7/2021 7:00,58,4,3142,1281,1288,4222,0.59,8,0.88,2,0,勝,Messi,,Totti,,,,,,,,,,,,,
6/6/2021,9:00:00,6/7/2021 8:00,59,4,3142,1293,1300,4222,0.57,8,0.83,1,3,負,Rummenigge,,失点,,失点,,失点,,,,,,,,,
6/6/2021,10:00:00,6/7/2021 9:00,60,4,3142,1283,1200,433,C,C,C,2,0,勝,Rummenigge,,Rummenigge,,,,,,,,,,,,,
6/6/2021,11:00:00,6/7/2021 10:00,61,4,3142,1290,1434,433,0.55,2,0.85,1,1,引,Rummenigge,,失点,,,,,,,,,,,,,
6/6/2021,12:00:00,6/7/2021 11:00,62,4,3142,1295,1242,4213,0.51,3,0.8,0,4,負,失点,,失点,,失点,,失点,,,,,,,,,
6/6/2021,13:00:00,6/7/2021 12:00,63,4,3142,1283,1300,4231,0.56,4,0.81,1,1,引,失点,,Messi,,,,,,,,,,,,,
6/6/2021,14:00:00,6/7/2021 13:00,64,4,3142,1281,1420,5212,C,C,C,1,0,勝,C,,,,,,,,,,,,,,,
6/6/2021,15:00:00,6/7/2021 14:00,65,4,3142,1297,1250,442,0.58,6,0.85,2,1,勝,失点,,Messi,,Mbappe,,,,,,,,,,,
6/6/2021,16:00:00,6/7/2021 15:00,66,4,3142,1302,1280,523,0.52,3,0.82,1,2,負,失点,,Totti,,失点,,,,,,,,,,,
6/6/2021,17:00:00,6/7/2021 16:00,67,4,3142,1289,1290,4312,0.58,8,0.82,2,2,引,失点,,Rummenigge,,Messi,,失点,,,,,,,,,
6/6/2021,18:00:00,6/7/2021 17:00,68,4,3142,1289,1300,4312,0.53,4,0.79,3,1,勝,失点,,Rummenigge,,Totti,,Law,,,,,,,,,
6/6/2021,19:00:00,6/7/2021 18:00,69,4,3142,1297,1240,4222,0.53,3,0.78,0,1,負,失点,,,,,,,,,,,,,,,
6/6/2021,20:00:00,6/7/2021 19:00,70,4,3142,1279,1260,433,0.62,9,0.86,3,2,勝,失点,,失点,,Messi,,Rummenigge,,Law,,,,,,,
6/6/2021,21:00:00,6/7/2021 20:00,71,4,3142,1287,1280,4312,0.54,7,0.84,1,3,負,失点,,失点,,Cruijff,,失点,,,,,,,,,
6/6/2021,22:00:00,6/7/2021 21:00,72,4,3142,1289,1350,4312,0.53,2,0.79,0,3,負,失点,,失点,,失点,,,,,,,,,,,
6/6/2021,23:00:00,6/7/2021 22:00,73,4,3142,1284,1230,3322,0.49,4,0.77,2,1,勝,失点,,Rummenigge,,Cruijff,,,,,,,,,,,
6/11/2021,9:01:00,6/11/2021 9:01,74,4,3142,1289,CP,433,0.57,7,0.86,1,1,引,失点,,Rummenigge,,,,,,,,,,,,,
6/11/2021,9:20:00,6/11/2021 9:20,75,4,3142,1289,CP,5212,0.48,8,0.84,4,3,勝,失点,,Beckham,,Messi,,Cruijff,,失点,,Messi,,失点,,,
6/12/2021,9:50:00,6/12/2021 9:50,76,4,3142,1289,CP,433,0.48,7,0.85,3,2,勝,Messi,Rummenigge,Vieira,Messi,失点,ー,失点,ー,Rummenigge,Cruijff,,,,,,
6/13/2021,8:36:00,6/13/2021 8:36,77,4,3142,1289,CP,4213,0.5,6,0.85,1,0,勝,Cruijff,Messi,,,,,,,,,,,,,,
6/13/2021,11:00:00,6/13/2021 11:00,78,4,3142,1289,CP,4222,0.47,9,0.79,1,0,勝,Ronaldinho,,,,,,,,,,,,,,,
6/13/2021,11:03:00,6/13/2021 11:03,79,4,3142,1289,CP,4231,0.58,6,0.85,2,2,引,Rummenigge,Cruijff,Cruijff,Messi,失点,ー,失点,ー,,,,,,,,
6/13/2021,20:54:00,6/13/2021 20:54,80,4,3142,1289,CP,4222,0.6,12,0.86,2,0,勝,Messi,Beckham,Messi,Law,,,,,,,,,,,,
6/13/2021,21:06:00,6/13/2021 21:06,81,4,3142,1289,1145,4213,0.61,3,0.82,3,1,勝,Mbappe,Robson,失点,ー,Messi,Mbappe,Messi,,,,,,,,,
6/13/2021,21:08:00,6/13/2021 21:08,82,4,3142,1296,1130,433,0.53,7,0.87,1,0,勝,Cruijff,,,,,,,,,,,,,,,
6/13/2021,21:23:00,6/13/2021 21:23,83,4,3142,1304,1217,4222,C,C,C,2,0,勝,Robson,ー,Messi,Ronaldinho,,,,,,,,,,,,
6/13/2021,21:48:00,6/13/2021 21:48,84,5,3142,1313,1242,4312,0.61,4,0.81,1,1,引,Rummenigge,Ronaldinho,失点,ー,,,,,,,,,,,,
6/13/2021,21:49:00,6/13/2021 21:49,85,5,3142,1311,1200,4312,0.57,6,0.83,3,2,勝,失点,ー,Messi,Cruijff,Totti,Rummenigge,失点,ー,Rummenigge,Totti,,,,,,
6/13/2021,21:52:00,6/13/2021 21:52,86,5,3142,1318,1140,3223,0.59,10,0.84,4,1,勝,Rummenigge,Ronaldinho,Totti,Ronaldinho,Ronaldinho,ー,Totti,,失点,ー,,,,,,
6/16/2021,19:50:00,6/16/2021 19:50,87,5,3142,1324,CP,4222,0.54,4,0.89,2,1,勝,失点,ー,Cruijff,Nakata,Cruijff,ー,,,,,,,,,,
6/16/2021,19:52:00,6/16/2021 19:52,88,5,3142,1324,CP,4222,,,,3,0,勝,Cruijff,Rummenigge,Cruijff,Messi,Totti,Rummenigge,,,,,,,,,,
6/16/2021,20:06:00,6/16/2021 20:06,89,5,3142,1324,CP,433,0.5,6,0.86,5,1,勝,Messi,Rummenigge,Cruijff,Nakata,失点,ー,Rummenigge,Cruijff,Totti,Rummenigge,Cruijff,Totti,,,,
6/17/2021,22:35:00,6/17/2021 22:35,90,5,3142,1324,CP,4123,,,,0,2,負,失点,ー,失点,ー,,,,,,,,,,,,
6/17/2021,22:47:00,6/17/2021 22:47,91,5,3142,1324,CP,4222,0.41,7,0.82,5,0,勝,Rummenigge,Totti,Rummenigge,Totti,Rummenigge,Totti,Rummenigge,Totti,Rummenigge,Nakata,,,,,,
6/17/2021,22:56:00,6/17/2021 22:56,92,5,3142,1324,CP,4123,0.49,5,0.89,2,1,勝,失点,ー,Messi,ー,Messi,ー,,,,,,,,,,
6/17/2021,23:06:00,6/17/2021 23:06,93,5,3142,1324,CP,4222,0.54,4,0.84,1,1,引,失点,ー,Jonathan,Beckham,,,,,,,,,,,,
6/17/2021,23:07:00,6/17/2021 23:07,94,5,3142,1324,CP,433,0.48,7,0.9,3,0,勝,Jonathan,Rummenigge,Jonathan,Beckham,Totti,Jonathan,,,,,,,,,,
6/17/2021,23:17:00,6/17/2021 23:17,95,5,3142,1324,CP,4213,0.52,6,0.85,4,0,勝,Messi,Rummenigge,Messi,ー,Vieira,Messi,Totti,Havertz,,,,,,,,
6/18/2021,9:48:00,6/18/2021 9:48,96,5,3142,1324,CP,4213,0.53,6,0.93,5,1,勝,失点,ー,Totti,Cruijff,Messi,Beckham,Rummenigge,Nakata,Messi,Beckham,Martial,Nakata,,,,
6/18/2021,10:11:00,6/18/2021 10:11,97,5,3142,1324,1320,4312,0.61,3,0.85,2,2,引,Totti,Nakata,失点,ー,失点,ー,Beckenbauer,Jonathan,,,,,,,,
6/18/2021,10:22:00,6/18/2021 10:22,98,5,3142,1325,1322,343,0.51,7,0.87,3,2,勝,失点,ー,Cruijff,Nakata,失点,ー,Totti,Rummenigge,Rummenigge,Messi,,,,,,
6/18/2021,10:36:00,6/18/2021 10:36,99,5,3142,1333,1100,4312,0.56,6,0.82,3,2,勝,Rummenigge,Totti,失点,ー,Rummenigge,Messi,失点,ー,Messi,Jonathan,,,,,,
6/18/2021,10:51:00,6/18/2021 10:51,100,5,3142,1338,CP,4312,0.47,4,0.87,0,1,負,失点,ー,,,,,,,,,,,,,,
6/18/2021,13:34:00,6/18/2021 13:34,101,5,3142,1338,CP,4213,0.47,7,0.83,4,3,勝,失点,ー,Cruijff,Messi,Messi,Nakata,Nakata,Totti,失点,ー,失点,ー,Messi,ー,,
6/18/2021,15:34:00,6/18/2021 15:34,102,5,3142,1338,CP,4213,0.56,6,0.87,2,1,勝,Cruijff,Rummenigge,失点,ー,Rummenigge,Cruijff,,,,,,,,,,
6/18/2021,16:14:00,6/18/2021 16:14,103,5,3142,1338,CP,4213,0.61,6,0.79,1,0,勝,Messi,ー,,,,,,,,,,,,,,
6/19/2021,9:50:00,6/19/2021 9:50,104,5,3142,1338,CP,433,0.48,9,0.87,4,2,勝,Rummenigge,Cruijff,失点,ー,失点,ー,Nakata,Cruijff,Beckham,Cruijff,Rummenigge,Cruijff,,,,
6/22/2021,11:50:00,44369.49306,105,7,3232,1338,1097,5212,C,C,C,3,0,勝,Torres,ー,Messi,Beckham,Menphis,Totti,,,,,,,,,,
7/2/2021,9:54:00,44379.4125,106,7,3232,1343,CP,433,,,,1,2,負,失点,ー,失点,ー,Isak,Vieira,,,,,,,,,,
7/3/2021,10:54:00,44380.45417,107,7,3232,1343,,5221,0.56,5,0.82,3,0,勝,Cruijff,Rummenigge,Messi,ー,Rummenigge,Cruijff,,,,,,,,,,
7/8/2021,16:58:00,44385.70694,108,7,3232,1350,1198,3313,0.58,9,0.87,2,3,負,失点,ー,Rummenigge,Nakata,失点,ー,Rummenigge,ー,失点,ー,,,,,,
7/8/2021,16:59:00,44385.70764,109,7,3232,1335,,4312,0.49,4,0.8,2,1,勝,Rummenigge,Menphis,失点,ー,Isak,ー,,,,,,,,,,
7/8/2021,17:08:00,44385.71389,110,7,3232,1343,1200,4312,0.53,5,0.83,1,1,引,失点,ー,Rummenigge,ー,,,,,,,,,,,,
7/8/2021,17:09:00,44385.71458,111,7,3232,1337,1504,3232,C,C,C,3,1,勝,Cruijff,Messi,失点,ー,Rummenigge,Messi,Isak,Menphis,,,,,,,,
7/8/2021,17:18:00,44385.72083,112,7,3232,1354,1256,4213,C,C,C,3,1,勝,失点,ー,Rummenigge,Messi,Cruijff,Beckham,Rummenigge,Cruijff,,,,,,,,
7/8/2021,17:24:00,44385.725,113,7,3232,1363,1395,433,0.46,3,0.81,0,4,負,失点,ー,失点,ー,失点,ー,失点,ー,,,,,,,,
7/8/2021,17:34:00,44385.73194,114,7,3232,1350,1383,4312,C,C,C,2,1,勝,Rummenigge,Nakata,失点,ー,Rummenigge,ー,,,,,,,,,,
7/8/2021,17:42:00,44385.7375,115,7,3232,1363,1400,4312,C,C,C,2,0,勝,Rummenigge,Ronaldinho,Cruijff,Messi,,,,,,,,,,,,
7/8/2021,17:48:00,44385.74167,116,7,3232,1372,1299,5212,0.52,1,0.87,0,1,負,失点,ー,,,,,,,,,,,,,,
7/8/2021,17:58:00,44385.74861,117,7,3232,1359,1247,3232,0.55,7,0.82,2,2,引,Messi,ー,失点,ー,Cruijff,Messi,失点,ー,,,,,,,,
7/8/2021,18:09:00,44385.75625,118,7,3232,1356,1333,3232,0.55,3,0.86,2,4,負,失点,ー,失点,ー,Messi,Rummenigge,Messi,Rummenigge,失点,ー,失点,ー,,,,
7/8/2021,18:20:00,44385.76389,119,7,3232,1351,1405,4123,0.51,6,0.79,2,3,負,失点,ー,失点,ー,Rummenigge,Messi,失点,ー,Boadu,Nakata,,,,,,
7/8/2021,18:32:00,44385.77222,120,7,3232,1342,1120,4213,0.56,8,0.81,2,0,勝,Rummenigge,Beckham,Rummenigge,Cruijff,,,,,,,,,,,,
7/8/2021,18:44:00,44385.78056,121,7,3232,1349,1200,3412,0.54,10,0.83,1,2,負,Ronaldinho,ー,失点,ー,失点,ー,,,,,,,,,,
7/8/2021,21:03:00,44385.87708,122,7,3232,1335,1382,442,C,C,C,4,2,勝,失点,ー,失点,ー,Cruijff,Messi,Messi,Cruijff,Messi,ー,Isak,Cruijff,,,,
7/8/2021,21:04:00,44385.87778,123,7,3232,1348,1238,433,C,C,C,3,0,勝,Rummenigge,Messi,Rummenigge,Beckham,Messi,ー,,,,,,,,,,
7/9/2021,21:03:00,44386.87708,124,6,3142,1367,CP,433,0.51,6,0.82,3,0,勝,Havertz,Nakata,Cruijff,Messi,Havertz,Beckham,,,,,,,,,,
7/20/2021,10:02:00,44397.41806,125,6,3142,1318,1333,4213,0.6,2,0.86,1,2,負,Rummenigge,Cruijff,失点,ー,失点,,,,,,,,,,,
7/20/2021,10:12:00,44397.425,126,6,3142,1312,1232,4123,0.47,3,0.86,2,2,引,Rummenigge,ー,Cruijff,Nakata,失点,ー,失点,ー,,,,,,,,
7/20/2021,10:56:00,44397.45556,127,6,3142,1310,1087,3241,0.48,5,0.87,2,1,勝,失点,ー,Rummenigge,Totti,Rummenigge,Cruijff,,,,,,,,,,
7/20/2021,10:57:00,44397.45625,128,6,3142,1315,1200,433,0.5,3,0.84,1,1,引,Cruijff,Totti,失点,ー,,,,,,,,,,,,
7/20/2021,11:02:00,44397.45972,129,6,3142,1305,1346,433,0.47,10,0.92,5,0,勝,Rummenigge,Totti,Totti,Beckham,Totti,Rummenigge,Totti,Totti,Rummenigge,,,,,,,
7/20/2021,11:24:00,44397.475,130,6,3142,1346,1322,433,C,C,C,2,0,勝,Rummenigge,Totti,Messi,Vieira,,,,,,,,,,,,
7/20/2021,12:18:00,44397.5125,131,6,3142,1356,1333,3313,0.54,5,0.83,3,0,勝,Rummenigge,Cruijff,Rummenigge,ー,Haaland,Messi,,,,,,,,,,
8/1/2021,14:30:00,44409.60417,132,6,3142,1419,1222,433,0.53,4,0.8,2,0,勝,Rodri,Messi,ロマーリオ,Davies,,,,,,,,,,,,
8/3/2021,21:07:00,44411.87986,133,10,4213,1422,1444,4312,0.48,1,0.8,1,2,負,失点,ー,失点,ー,Davies,Rodri,,,,,,,,,,
8/4/2021,21:07:00,44412.87986,134,10,4213,1415,CP,4213,0.46,6,0.79,2,0,勝,Totti,Pavard,Cruijff,Ronaldinho,,,,,,,,,,,,
8/4/2021,21:21:00,44412.88958,135,10,4213,1381,1423,4312,0.56,3,0.71,2,5,負,失点,ー,Totti,ー,失点,ー,Neymar,Ronaldinho,失点,ー,失点,ー,失点,ー,,
8/4/2021,22:01:00,44412.91736,136,10,4213,1377,1391,3223,0.53,3,0.82,0,2,負,失点,ー,失点,ー,,,,,,,,,,,,
8/4/2021,22:10:00,44412.92361,137,10,4213,1367,1457,4213,0.55,3,0.88,1,3,負,Cruijff,Neymar,失点,ー,失点,ー,失点,ー,,,,,,,,
8/4/2021,22:21:00,44412.93125,138,10,4213,1359,1360,5212,0.47,5,0.8,1,1,引,失点,ー,Haaland,ー,,,,,,,,,,,,
8/21/2021,15:09:00,44429.63125,139,1,3232,1346,1300,4312,0.56,5,0.84,3,2,勝,Totti,Boadu,失点,ー,Boadu,Totti,失点,ー,Boadu,Totti,,,,,,
8/21/2021,15:11:00,44429.63264,140,1,3232,1356,1380,4312,0.58,1,0.83,0,1,負,失点,ー,,,,,,,,,,,,,,
8/21/2021,15:50:00,44429.65972,141,1,3232,1351,1072,4213,0.6,3,0.83,0,2,負,失点,ー,失点,ー,,,,,,,,,,,,
8/21/2021,15:52:00,44429.66111,142,1,3232,1333,1400,4312,0.5,2,0.78,0,3,負,失点,ー,失点,ー,失点,ー,,,,,,,,,,
8/21/2021,16:18:00,44429.67917,143,1,3232,1328,1335,4312,0.56,5,0.8,2,1,勝,Rummenigge,Havertz,失点,ー,Messi,ー,,,,,,,,,,
8/21/2021,21:29:00,44429.89514,144,1,3232,1335,1335,3322,0.51,4,0.89,2,2,引,失点,ー,Rummenigge,Cruijff,失点,ー,Haaland,Havertz,,,,,,,,
8/21/2021,21:38:00,44429.90139,145,1,3232,1337,1069,4312,0.51,3,0.83,1,1,引,Totti,Neymar,失点,ー,,,,,,,,,,,,
8/21/2021,21:49:00,44429.90903,146,1,3232,1331,1225,3223,0.51,6,0.73,1,2,負,失点,ー,失点,ー,Rummenigge,Messi,,,,,,,,,,
8/21/2021,22:01:00,44429.91736,147,1,3232,1319,1250,433,0.53,5,0.81,4,2,勝,失点,ー,失点,ー,Totti,Rummenigge,Rummenigge,Rodri,Haaland,Totti,Havertz,ー,,,,
8/21/2021,22:35:00,44429.94097,148,1,3232,1318,1250,4222,0.54,6,0.87,4,1,勝,Rummenigge,Cruijff,Rummenigge,Totti,失点,ー,Messi,ー,Havertz,Haaland,,,,,,
8/22/2021,9:25:00,44430.39236,149,1,3232,1348,1306,5212,0.57,3,0.88,3,2,勝,Totti,Neymar,失点,ー,失点,ー,Vieira,Messi,Havertz,Menphis,,,,,,
8/22/2021,9:26:00,44430.39306,150,1,3232,1360,1329,4222,C,C,C,3,2,勝,Rummenigge,Cruijff,失点,ー,失点,ー,Rummenigge,Cruijff,Havertz,Nakata,,,,,,
8/22/2021,9:37:00,44430.40069,151,1,3232,1370,1220,433,0.48,7,0.81,0,3,負,失点,ー,失点,ー,失点,ー,,,,,,,,,,
8/22/2021,9:50:00,44430.40972,152,1,3232,1355,1120,433,0.39,1,0.82,1,0,勝,Rummenigge,Cruijff,,,,,,,,,,,,,,
8/22/2021,15:27:00,44430.64375,153,9,3142,1335,1220,4312,0.55,8,0.84,3,2,勝,Rummenigge,Vieira,失点,ー,Rummenigge,Totti,Cruijff,ー,失点,ー,,,,,,
8/22/2021,15:28:00,44430.64444,154,9,3142,1348,1256,532,0.55,5,0.84,3,5,負,失点,ー,失点,ー,Rummenigge,Nakata,Rummenigge,Totti,失点,ー,Rummenigge,Messi,失点,ー,失点,
8/22/2021,15:37:00,44430.65069,155,9,3142,1334,1105,4312,0.63,5,0.87,2,1,勝,Rummenigge,Totti,失点,ー,Rummenigge,Cruijff,,,,,,,,,,
8/22/2021,15:48:00,44430.65833,156,9,3142,1339,1121,4213,0.63,6,0.92,1,0,勝,Haaland,Menphis,,,,,,,,,,,,,,
8/28/2021,16:43:00,44436.69653,157,9,3142,1324,1167,3232,0.51,5,0.85,2,2,引,Vieira,Beckham,Totti,Messi,失点,ー,失点,ー,,,,,,,,
8/28/2021,16:54:00,44436.70417,158,9,3142,1320,1174,4222,0.53,4,0.84,0,1,負,失点,ー,,,,,,,,,,,,,,
8/28/2021,17:06:00,44436.7125,159,9,3142,1305,1300,532,0.54,5,0.74,1,4,負,失点,ー,Messi,Totti,失点,ー,失点,ー,失点,ー,,,,,,
8/28/2021,17:28:00,44436.72778,160,9,3142,1295,1200,4213,0.49,2,0.84,2,1,勝,Rummenigge,Beckham,Rummenigge,Messi,失点,ー,,,,,,,,,,
8/28/2021,17:30:00,44436.72917,161,9,3142,1302,1400,4312,C,C,C,2,0,勝,Totti,Beckham,Cruijff,Rummenigge,,,,,,,,,,,,
8/28/2021,17:35:00,44436.73264,162,9,3142,1319,1200,4123,0.57,5,0.91,2,3,負,失点,ー,Menphis,Cruijff,失点,ー,Haaland,Beckham,失点,ー,,,,,,
44437,0.911111111,44437.91111,163,9,3142,1309,1300,4312,C,C,C,2,0,勝,Rummenigge,Totti,Totti,Rummenigge,,,,,,,,,,,,
44437,0.913888889,44437.91389,164,9,3142,1316,1200,4123,0.63,10,0.89,6,1,勝,Totti,Cruijff,Rummenigge,Nakata,Rummenigge,Totti,Cruijff,Nakata,Rummenigge,Totti,Messi,Totti,失点,ー,,
44437,0.924305556,44437.92431,165,9,3142,1323,1613,3223,0.63,6,0.86,3,4,負,Cruijff,ー,失点,ー,失点,ー,Haaland,Totti,失点,ー,失点,ー,Haaland,Totti,,
44437,0.932638889,44437.93264,166,9,3142,1320,1202,3313,0.61,2,0.83,1,2,負,失点,ー,失点,ー,Messi,ー,,,,,,,,,,
44437,0.940972222,44437.94097,167,9,3142,1306,1174,4213,0.54,4,0.87,1,3,負,失点,ー,失点,ー,失点,ー,Cruijff,Messi,,,,,,,,
44437,0.949305556,44437.94931,168,9,3142,1291,1328,4312,0.5,7,0.85,2,3,負,失点,ー,Totti,Cruijff,失点,ー,失点,ー,Rummenigge,Vieira,,,,,,
44437,0.956944444,44437.95694,169,9,3142,1282,1222,4222,C,C,C,3,2,勝,失点,ー,Rummenigge,Messi,Rummenigge,ー,Messi,Rummenigge,失点,ー,,,,,,
44437,0.963194444,44437.96319,170,9,3142,1292,1288,5212,0.63,2,0.83,1,0,勝,Rummenigge,Totti,,,,,,,,,,,,,,
44437,0.970138889,44437.97014,171,9,3142,1303,1350,433,0.54,5,0.83,1,1,引,失点,ー,Rummenigge,Totti,,,,,,,,,,,,
44446,0.693055556,44446.69306,172,9,3142,1307,CP,433,0.44,4,0.8,3,1,勝,Messi,Rummenigge,Rummenigge,ー,失点,ー,Messi,Rummenigge,,,,,,,,
44446,0.861111111,44446.86111,173,9,3142,1307,1169,3142,0.57,4,0.78,2,1,勝,失点,ー,Totti,ー,Totti,ー,,,,,,,,,,
44446,0.861805556,44446.86181,174,9,3142,1314,1200,4312,0.54,3,0.83,2,2,引,失点,ー,失点,ー,Rummenigge,Nakata,Isak,ー,,,,,,,,
44446,0.870138889,44446.87014,175,8,3142,1311,1342,4213,0.51,8,0.84,4,3,勝,失点,ー,失点,ー,失点,ー,van Basten,Rummenigge,Rummenigge,van Basten,Rummenigge,Cruijff,Isak,Messi,,
44446,0.878472222,44446.87847,176,8,3142,1323,,4213,0.59,4,0.82,2,0,勝,Cruijff,Nakata,Totti,ー,,,,,,,,,,,,
44446,0.895138889,44446.89514,177,8,3142,1332,,3241,0.59,4,0.87,3,1,勝,Messi,Rummenigge,ー,ー,Rummenigge,ー,失点,ー,,,,,,,,
44446,0.895833333,44446.89583,178,8,3142,1342,1195,5212,0.45,4,0.83,1,4,負,Rummenigge,Cruijff,失点,ー,失点,ー,失点,ー,失点,ー,,,,,,
44446,0.903472222,44446.90347,179,8,3142,1328,,3313,0.63,6,0.74,2,1,勝,Messi,Nakata,失点,ー,Rummenigge,ー,,,,,,,,,,
44447,0.35,44447.35,180,8,3142,1343,1569,5212,0.47,3,0.78,0,2,負,失点,ー,失点,ー,,,,,,,,,,,,
44448,0.35,44448.35,181,8,3142,1339,1340,5212,0.58,3,0.85,2,2,引,Messi,ー,Rummenigge,Beckham,失点,ー,失点,ー,,,,,,,,
44449,0.35,44449.35,182,8,3142,1340,1380,4312,0.56,2,0.86,0,0,引,,,,,,,,,,,,,,,,
44449,0.350694444,44449.35069,183,8,3142,1345,,4312,0.66,5,0.87,1,1,引,失点,ー,Totti,xavi,,,,,,,,,,,,
44449,0.351388889,44449.35139,184,8,3142,1345,1380,5212,0.58,5,0.86,2,2,引,失点,ー,失点,ー,Havertz,ー,Isak,Nakata,,,,,,,,
44449,0.352083333,44449.35208,185,8,3142,1351,,5212,0.46,3,0.89,0,1,負,失点,ー,,,,,,,,,,,,,,
44449,0.995138889,44449.99514,186,8,3142,1336,,3223,0.56,9,0.83,4,1,勝,Messi,ー,Cruijff,Totti,失点,ー,Beckenbauer,ー,Isak,Nakata,,,,,,
44449,0.995833333,44449.99583,187,8,3142,1344,,343,0.6,5,0.8,2,1,勝,Rummenigge,van Basten,Rummenigge,van Basten,失点,ー,,,,,,,,,,
44450,0.003472222,44450.00347,188,8,3142,1362,1551,4312,0.53,4,0.76,2,3,負,Cruijff,Rummenigge,Rummenigge,van Basten,失点,ー,失点,ー,失点,ー,,,,,,
44450,0.0125,44450.0125,189,8,3142,1357,1168,4312,0.55,4,0.85,1,0,勝,van Basten,Rummenigge,,,,,,,,,,,,,,
44450,0.019444444,44450.01944,190,8,3142,1363,1410,5212,0.65,2,0.81,1,2,負,van Basten,Cruijff,失点,ー,失点,ー,,,,,,,,,,
44450,0.026388889,44450.02639,191,8,3142,1354,1344,4213,0.46,5,0.86,1,2,負,失点,ー,失点,ー,Cruijff,,,,,,,,,,,
44450,0.033333333,44450.03333,192,8,3142,1344,1075,4312,0.6,5,0.81,3,1,勝,Cruijff,Messi,Rummenigge,van Basten,失点,ー,van Basten,Rummenigge,,,,,,,,
44450,0.040277778,44450.04028,193,8,3142,1347,1220,3241,C,C,C,4,0,勝,ー,ー,van Basten,Rummenigge,Rummenigge,Nakata,Isak,Beckenbauer,,,,,,,,
44450,0.047222222,44450.04722,194,8,3142,1343,1279,5212,,,,1,3,負,失点,ー,失点,ー,Messi,ー,失点,ー,,,,,,,,
44457,0.702083333,44457.70208,195,8,3142,1331,1246,532,0.59,4,0.85,2,2,引,van Basten,Rummenigge,Rummenigge,Messi,失点,ー,失点,ー,,,,,,,,
44457,0.709027778,44457.70903,196,8,3142,1329,,4213,0.55,7,0.82,5,1,勝,Rummenigge,Nakata,Rummenigge,van Basten,失点,ー,Vieira,Messi,Rummenigge,ー,Messi,Rummenigge,,,,
44457,0.715972222,44457.71597,197,8,3142,1335,1212,4213,0.57,6,0.85,4,1,勝,Cruijff,Beckham,失点,ー,van Basten,ー,van Basten,Beckham,Cruijff,van Basten,,,,,,
44457,0.726388889,44457.72639,198,8,3142,1336,1040,4213,C,C,C,4,0,勝,Cruijff,Beckham,van Basten,Beckham,Rummenigge,Cruijff,ー,,,,,,,,,
44457,0.740277778,44457.74028,199,8,3142,1340,1400,4222,0.59,4,0.82,1,1,引,失点,ー,Rummenigge,Cruijff,,,,,,,,,,,,
44457,0.742361111,44457.74236,200,8,3142,1347,,4213,0.49,4,0.83,3,2,勝,失点,ー,Cruijff,Nakata,Cruijff,Rummenigge,失点,ー,Isak,ー,,,,,,
44458,0.897916667,44458.89792,201,8,3142,1354,,3232,C,C,C,1,0,勝,ー,ー,,,,,,,,,,,,,,
44458,0.898611111,44458.89861,202,8,3142,1364,1408,4132,0.56,8,0.85,4,3,勝,Rummenigge,Beckham,van Basten,Beckham,失点,ー,失点,ー,van Basten,ー,Isak,Beckham,失点,ー,,
44459,0.511111111,44459.51111,203,8,3142,1376,1463,3232,0.55,3,0.81,0,1,負,失点,ー,,,,,,,,,,,,,,
44459,0.518055556,44459.51806,204,8,3142,1368,1423,4213,0.56,4,0.81,1,2,負,Messi,ー,失点,ー,失点,ー,,,,,,,,,,
44459,0.526388889,44459.52639,205,8,3142,1370,1350,3232,0.58,2,0.86,1,1,引,Messi,Beckham,失点,ー,,,,,,,,,,,,
44459,0.534027778,44459.53403,206,8,3142,1369,1404,5212,0.59,3,0.85,1,2,負,Messi,van Basten,失点,ー,失点,ー,,,,,,,,,,
44459,0.540972222,44459.54097,207,8,3142,1360,,343,0.57,7,0.85,1,2,負,Rummenigge,van Basten,失点,ー,失点,ー,,,,,,,,,,
44459,0.55625,44459.55625,208,8,3142,1348,1474,4312,0.64,7,0.83,1,0,勝,van Basten,Rummenigge,,,,,,,,,,,,,,
44459,0.556944444,44459.55694,209,8,3142,1363,1088,4213,C,C,C,3,1,勝,van Basten,Rummenigge,Rummenigge,van Basten,失点,ー,van Basten,Beckham,,,,,,,,
44459,0.560416667,44459.56042,210,8,3142,1367,1071,523,0.62,5,0.83,3,1,勝,失点,ー,Cruijff,ー,Messi,Isak,Havertz,Beckham,,,,,,,,
44459,0.568055556,44459.56806,211,8,3142,1371,,3313,0.48,5,0.81,1,4,負,失点,ー,失点,ー,失点,ー,Cruijff,Nakata,失点,ー,,,,,,
44459,0.575694444,44459.57569,212,8,3142,1362,1190,4213,0.52,3,0.79,1,1,引,Rummenigge,Nakata,失点,ー,,,,,,,,,,,,
44459,0.591666667,44459.59167,213,8,3142,1358,1380,4312,0.62,7,0.85,3,1,勝,Rummenigge,Cruijff,Rummenigge,van Basten,van Basten,Beckham,失点,ー,,,,,,,,
44464,0.640972222,44464.64097,214,8,3142,1370,,3223,0.6,7,0.87,2,1,勝,Rummenigge,Beckham,失点,ー,Messi,Nakata,,,,,,,,,,
44464,0.647222222,44464.64722,215,8,3142,1380,,3313,0.67,11,0.78,1,0,勝,Rummenigge,Beckham,,,,,,,,,,,,,,
44464,0.654861111,44464.65486,216,8,3142,1390,1210,361,C,C,C,2,0,勝,Rummenigge,Totti,Rummenigge,Beckham,,,,,,,,,,,,
44464,0.657638889,44464.65764,217,8,3142,1397,1420,424,0.54,5,0.84,0,4,負,失点,ー,失点,ー,失点,ー,失点,ー,,,,,,,,
44464,0.666666667,44464.66667,218,8,3142,1389,1385,5212,0.57,4,0.9,3,1,勝,Totti,Beckham,Rummenigge,Totti,失点,ー,Neymar,Totti,,,,,,,,
44464,0.673611111,44464.67361,219,8,3142,1400,1500,4312,0.56,3,0.82,2,3,負,失点,ー,失点,ー,Rummenigge,Totti,Cruijff,Messi,失点,ー,,,,,,
44465,0.670138889,44465.67014,220,8,3142,1396,1097,4213,C,C,C,1,0,勝,Cruijff,Totti,,,,,,,,,,,,,,
44465,0.672916667,44465.67292,221,8,3142,1400,1477,4114,0.57,5,0.87,2,3,負,失点,ー,失点,ー,Messi,Beckham,失点,ー,Totti,ー,,,,,,
44465,0.679861111,44465.67986,222,8,3142,1392,1234,4312,C,C,C,4,3,勝,失点,ー,van Basten,Beckham,Cruijff,Beckham,van Basten,Neymar,失点,ー,失点,ー,van Basten,Neymar,,
44465,0.686805556,44465.68681,223,8,3142,1399,1483,3232,0.55,6,0.84,3,2,勝,Rummenigge,Messi,失点,ー,失点,ー,van Basten,Beckham,Isak,van Basten,,,,,,
44465,0.697222222,44465.69722,224,11,4213,1413,,4312,0.58,3,0.79,1,1,引,失点,ー,Rummenigge,ー,,,,,,,,,,,,
44479,0.872916667,44479.87292,225,11,4213,1438,1522,3223,0.51,5,0.84,3,0,勝,Rummenigge,ー,Cruijff,Totti,Rummenigge,ー,,,,,,,,,,
44479,0.88125,44479.88125,226,11,4213,1452,1408,433,,,,2,3,負,Messi,Nakata,失点,ー,Messi,Cruijff,失点,ー,失点,ー,,,,,,
44479,0.889583333,44479.88958,227,11,4213,1441,,4213,C,C,C,4,1,勝,Vieira,Messi,失点,ー,Cruijff,Nakata,Totti,Messi,Neymar,ー,,,,,,
44479,0.897222222,44479.89722,228,11,4213,1441,1206,3331,0.54,4,0.83,2,1,勝,Messi,Totti,Rummenigge,ー,失点,ー,,,,,,,,,,
44479,0.923611111,44479.92361,229,11,4213,1446,1157,4132,0.58,7,0.89,2,1,勝,失点,ー,Rummenigge,Nakata,Messi,Cruijff,,,,,,,,,,
44479,0.930555556,44479.93056,230,11,4213,1450,1471,4312,,,,2,3,負,Rummenigge,ー,失点,ー,失点,ー,Rummenigge,Totti,失点,ー,,,,,,
44479,0.938194444,44479.93819,231,11,4213,1440,1229,523,0.57,2,0.75,1,3,負,Vieira,Nakata,失点,ー,失点,ー,失点,ー,,,,,,,,
44479,0.945833333,44479.94583,232,11,4213,1424,1340,4213,0.54,7,0.84,1,2,負,失点,ー,Neymar,Totti,失点,ー,,,,,,,,,,
44479,0.954861111,44479.95486,233,11,4213,1411,1248,5212,0.59,3,0.86,2,2,引,Totti,ー,Messi,Rummenigge,失点,ー,失点,ー,,,,,,,,
44479,0.961805556,44479.96181,234,11,4213,1407,1643,,,,,1,2,負,Rummenigge,ー,失点,ー,失点,ー,,,,,,,,,,
44479,0.969444444,44479.96944,235,11,4213,1403,1157,4312,C,C,C,4,0,勝,Totti,Messi,Totti,Cruijff,Rummenigge,Messi,Neymar,Totti,,,,,,,,
44479,0.976388889,44479.97639,236,11,4213,1408,1369,4222,,,,0,0,引,,,,,,,,,,,,,,,,
44483,0.986111111,44483.98611,237,11,4213,1385,1251,3232,0.62,4,0.84,1,0,勝,Totti,ー,,,,,,,,,,,,,,
44483,0.986111111,44483.98611,238,11,4213,1392,1135,433,0.49,7,0.9,3,0,勝,Messi,Vieira,Nakata,Rummenigge,Vieira,ー,,,,,,,,,,
44483,0.993055556,44483.99306,239,11,4213,1397,1538,4213,0.46,11,0.86,8,1,勝,Totti,Messi,Rummenigge,ー,失点,ー,Rummenigge,Vieira,Cruijff,ー,Cruijff,Messi,Vieira,Messi,Rummenigge,
44484,0.956944444,44484.95694,240,11,4213,1413,,3241,0.52,2,0.83,1,0,勝,Cruijff,Rummenigge,,,,,,,,,,,,,,
44484,0.963888889,44484.96389,241,11,4213,1417,,4312,0.56,4,0.88,2,0,勝,Cruijff,ー,Cruijff,Arnold,,,,,,,,,,,,
44484,0.970833333,44484.97083,242,11,4213,1425,,5212,C,C,C,3,0,勝,Rummenigge,ー,Rummenigge,ー,Rummenigge,Messi,,,,,,,,,,
44484,0.974305556,44484.97431,243,11,4213,1435,,343,0.63,4,0.86,0,1,負,失点,ー,,,,,,,,,,,,,,
44484,0.981944444,44484.98194,244,11,4213,1425,,5212,,,,1,0,勝,Messi,Cruijff,,,,,,,,,,,,,,
44484,0.988888889,44484.98889,245,11,4213,1434,,4312,0.62,6,0.85,4,2,勝,Cruijff,Totti,失点,ー,失点,ー,Beckenbauer,Totti,Totti,Messi,Nakata,Davies,,,,
44484,0.997222222,44484.99722,246,11,4213,1439,,5212,0.57,8,0.87,4,3,勝,失点,ー,Rummenigge,ー,Rummenigge,Messi,失点,ー,Totti,Nakata,失点,ー,Totti,Neymar,,
44485,0.968055556,44485.96806,247,11,4213,1449,1285,4123,0.58,2,0.82,1,0,勝,Rummenigge,Nakata,,,,,,,,,,,,,,
44485,0.973611111,44485.97361,248,11,4213,1456,1374,5212,0.56,6,0.84,0,0,引,,,,,,,,,,,,,,,,
44486,0.434722222,44486.43472,249,11,4213,1454,,5122,0.48,3,0.8,1,1,引,Cruijff,Messi,失点,ー,,,,,,,,,,,,
44486,0.434722222,44486.43472,250,11,4213,1453,,3313,0.57,2,0.82,0,2,負,失点,ー,失点,ー,,,,,,,,,,,,
44486,0.441666667,44486.44167,251,11,4213,1432,,4213,0.56,7,0.82,3,0,勝,Totti,Rummenigge,Totti,Nakata,Neymar,ー,,,,,,,,,,
44488,0.9,44488.9,252,11,4213,1436,,4312,,,,1,3,負,失点,ー,失点,ー,Cruijff,Messi,失点,ー,,,,,,,,
44488,0.908333333,44488.90833,253,11,4213,1425,1455,5212,0.63,7,0.83,5,1,勝,失点,ー,Cruijff,Messi,Cruijff,Totti,Havertz,Beckenbauer,Havertz,Messi,Havertz,ー,,,,
44488,0.920138889,44488.92014,254,11,4213,1437,1682,343,C,C,C,2,0,勝,Rummenigge,Nakata,Totti,Nakata,,,,,,,,,,,,
44507,0.666666667,44507.66667,255,11,4213,1428,1165,4312,0.51,8,0.77,3,0,勝,Rummenigge,Beckenbauer,Cruijff,Rummenigge,Cruijff,ー,,,,,,,,,,
44507,0.672916667,44507.67292,256,11,4213,1433,,4312,0.53,5,0.79,2,2,引,失点,ー,Rummenigge,Cruijff,Totti,ー,失点,ー,,,,,,,,
44507,0.681944444,44507.68194,257,11,4213,1431,1292,4312,C,C,C,1,0,勝,Rummenigge,ー,,,,,,,,,,,,,,
44507,0.686805556,44507.68681,258,11,4213,1438,1518,343,0.51,4,0.85,1,0,勝,Nakata,ー,,,,,,,,,,,,,,
44507,0.69375,44507.69375,259,11,4213,1348, ,4312,0.5,3,0.84,0,1,負,失点,ー,,,,,,,,,,,,,,
44513,0.395138889,44513.39514,260,11,4213,1346,1195,4312,0.49,5,0.83,4,1,勝,Messi,Cruijff,Rummenigge,Cruijff,Messi,Beckenbauer,Messi,Totti,失点,ー,,,,,,
44513,0.403472222,44513.40347,261,11,4213,1353,1097,4213,0.6,5,0.89,2,2,引,失点,ー,失点,ー,Rummenigge,Nakata,Neymar,ー,,,,,,,,
44513,0.4125,44513.4125,262,11,4213,1347,1585,4312,0.53,2,0.82,1,2,負,Nakata,失点,ー,失点,ー,,,,,,,,,,,
44513,0.420138889,44513.42014,263,11,4213,1331,,4312,0.62,6,0.81,4,1,勝,Ronaldinho,ー,Havertz,Ronaldinho,Havertz,ー,失点,ー,Rummenigge,Totti,,,,,,
44513,0.459027778,44513.45903,264,11,4213,1367,1335,532,C,C,C,3,0,勝,Rummenigge,Cruijff,Messi,ー,Nakata,ー,,,,,,,,,,
44513,0.4625,44513.4625,265,11,4213,1377,1246,532,0.54,5,0.83,4,2,勝,Rummenigge,ー,Nakata,Messi,Ronaldinho,Rummenigge,失点,ー,失点,ー,Messi,ー,,,,
44513,0.463194444,44513.46319,266,11,4213,1385,,4312,C,C,C,6,1,勝,Cruijff,Ronaldinho,Messi,ー,Rummenigge,ー,失点,ー,Cruijff,Ronaldinho,Cruijff,Messi,Messi,ー,,
44513,0.478472222,44513.47847,267,11,4213,1398,1321,4312,0.58,7,0.84,2,1,勝,Cruijff,Rummenigge,Cruijff,Ronaldinho,失点,ー,,,,,,,,,,
44513,0.486111111,44513.48611,268,11,4213,1419,1225,3232,C,C,C,3,0,勝,Cruijff,ー,Cruijff,Totti,Messi,Cruijff,,,,,,,,,,
44523,0.73125,44523.73125,269,11,4213,1425,,3232,0.51,1,0.81,0,1,負,失点,ー,,,,,,,,,,,,,,
44523,0.73125,44523.73125,270,11,4213,1422,1183,4213,C,C,C,3,0,勝,Beckham,Messi,Cruijff,ー,Rummenigge,Totti,,,,,,,,,,
44523,0.7375,44523.7375,271,11,4213,1427,1394,4222,C,C,C,1,0,勝,Rummenigge,Cruijff,,,,,,,,,,,,,,
44523,0.740972222,44523.74097,272,11,4213,1437,1388,4222,0.63,5,0.81,1,1,引,失点,ー,Havertz,ー,,,,,,,,,,,,
44523,0.748611111,44523.74861,273,11,4213,1443,,4312,,,,1,2,負,失点,ー,失点,ー,Rummenigge,,,,,,,,,,,
44523,0.75625,44523.75625,274,11,4213,1431,,4312,0.61,5,0.78,1,1,引,失点,ー,Rummenigge,Messi,,,,,,,,,,,,
44523,0.763888889,44523.76389,275,11,4213,1451,,3412,0.43,5,0.74,2,3,負,失点,ー,失点,ー,Rummenigge,Totti,失点,ー,Havertz,Beckenbauer,,,,,,
44527,0.408333333,44527.40833,276,11,4213,1446,1493,4312,0.61,4,0.88,3,2,勝,失点,ー,Rummenigge,Beckenbauer,失点,ー,Rummenigge,Totti,Ronaldinho,Neymar,,,,,,
44527,0.460416667,44527.46042,277,11,4213,1459,,4213,C,C,C,2,0,勝,Totti,Rummenigge,Cruijff,ー,,,,,,,,,,,,
44527,0.461111111,44527.46111,278,11,4213,1446,1304,5212,0.57,3,0.8,2,1,勝,Cruijff,Rummenigge,Totti,Messi,失点,ー,,,,,,,,,,
44527,0.475,44527.475,279,11,4213,1432,,4312,0.64,10,0.84,2,0,勝,Messi,Beckham,Cruijff,Messi,,,,,,,,,,,,
44527,0.670833333,44527.67083,280,11,4213,1443,,,,,,0,0,引,,,,,,,,,,,,,,,,
44527,,44527,281,11,4213,,,,,,,0,0,引,,,,,,,,,,,,,,,,
,,0,282,11,4213,,,,,,,0,0,引,,,,,,,,,,,,,,,,
,,0,283,11,4213,,,,,,,0,0,引,,,,,,,,,,,,,,,,
,,0,284,11,4213,,,,,,,0,0,引,,,,,,,,,,,,,,,,
,,0,285,11,4213,,,,,,,0,0,引,,,,,,,,,,,,,,,,
,,0,286,11,4213,,,,,,,0,0,引,,,,,,,,,,,,,,,,
,,0,287,11,4213,,,,,,,0,0,引,,,,,,,,,,,,,,,,
,,0,288,11,4213,,,,,,,0,0,引,,,,,,,,,,,,,,,,
,,0,289,11,4213,,,,,,,0,0,引,,,,,,,,,,,,,,,,
,,0,290,11,4213,,,,,,,0,0,引,,,,,,,,,,,,,,,,
,,0,291,11,4213,,,,,,,0,0,引,,,,,,,,,,,,,,,,
,,0,292,11,4213,,,,,,,0,0,引,,,,,,,,,,,,,,,,
,,0,293,11,4213,,,,,,,0,0,引,,,,,,,,,,,,,,,,
,,0,294,11,4213,,,,,,,0,0,引,,,,,,,,,,,,,,,,
,,0,295,11,4213,,,,,,,0,0,引,,,,,,,,,,,,,,,,
,,0,296,11,4213,,,,,,,0,0,引,,,,,,,,,,,,,,,,
,,0,297,11,4213,,,,,,,0,0,引,,,,,,,,,,,,,,,,
,,0,298,11,4213,,,,,,,0,0,引,,,,,,,,,,,,,,,,
,,0,299,11,4213,,,,,,,0,0,引,,,,,,,,,,,,,,,,
,,0,300,11,4213,,,,,,,0,0,引,,,,,,,,,,,,,,,,
,,0,301,11,4213,,,,,,,0,0,引,,,,,,,,,,,,,,,,
,,0,302,11,4213,,,,,,,0,0,引,,,,,,,,,,,,,,,,
,,0,303,11,4213,,,,,,,0,0,引,,,,,,,,,,,,,,,,
,,0,304,11,4213,,,,,,,0,0,引,,,,,,,,,,,,,,,,
,,0,305,11,4213,,,,,,,0,0,引,,,,,,,,,,,,,,,,
,,0,306,11,4213,,,,,,,0,0,引,,,,,,,,,,,,,,,,
,,0,307,11,4213,,,,,,,0,0,引,,,,,,,,,,,,,,,,
,,0,308,11,4213,,,,,,,0,0,引,,,,,,,,,,,,,,,,
,,0,309,11,4213,,,,,,,0,0,引,,,,,,,,,,,,,,,,
,,0,310,11,4213,,,,,,,0,0,引,,,,,,,,,,,,,,,,
,,0,311,11,4213,,,,,,,0,0,引,,,,,,,,,,,,,,,,
,,0,312,11,4213,,,,,,,0,0,引,,,,,,,,,,,,,,,,
,,0,313,11,4213,,,,,,,0,0,引,,,,,,,,,,,,,,,,
,,0,314,11,4213,,,,,,,0,0,引,,,,,,,,,,,,,,,,
,,0,315,11,4213,,,,,,,0,0,引,,,,,,,,,,,,,,,,
,,0,316,11,4213,,,,,,,0,0,引,,,,,,,,,,,,,,,,
,,0,317,11,4213,,,,,,,0,0,引,,,,,,,,,,,,,,,,
,,0,318,11,4213,,,,,,,0,0,引,,,,,,,,,,,,,,,,
,,0,319,11,4213,,,,,,,0,0,引,,,,,,,,,,,,,,,,
,,0,320,11,4213,,,,,,,0,0,引,,,,,,,,,,,,,,,,
,,0,321,11,4213,,,,,,,0,0,引,,,,,,,,,,,,,,,,
,,0,322,11,4213,,,,,,,0,0,引,,,,,,,,,,,,,,,,
,,0,323,11,4213,,,,,,,0,0,引,,,,,,,,,,,,,,,,
,,0,324,11,4213,,,,,,,0,0,引,,,,,,,,,,,,,,,,
,,0,325,11,4213,,,,,,,0,0,引,,,,,,,,,,,,,,,,
,,0,326,11,4213,,,,,,,0,0,引,,,,,,,,,,,,,,,,
,,0,327,11,4213,,,,,,,0,0,引,,,,,,,,,,,,,,,,
,,0,328,11,4213,,,,,,,0,0,引,,,,,,,,,,,,,,,,
,,0,329,11,4213,,,,,,,0,0,引,,,,,,,,,,,,,,,,
,,0,330,11,4213,,,,,,,0,0,引,,,,,,,,,,,,,,,,
,,0,331,11,4213,,,,,,,0,0,引,,,,,,,,,,,,,,,,
,,0,332,11,4213,,,,,,,0,0,引,,,,,,,,,,,,,,,,
,,0,333,11,4213,,,,,,,0,0,引,,,,,,,,,,,,,,,,
,,0,334,11,4213,,,,,,,0,0,引,,,,,,,,,,,,,,,,
,,0,335,11,4213,,,,,,,0,0,引,,,,,,,,,,,,,,,,
,,0,336,11,4213,,,,,,,0,0,引,,,,,,,,,,,,,,,,
,,0,337,11,4213,,,,,,,0,0,引,,,,,,,,,,,,,,,,
,,0,338,11,4213,,,,,,,0,0,引,,,,,,,,,,,,,,,,
,,0,339,11,4213,,,,,,,0,0,引,,,,,,,,,,,,,,,,
,,0,340,11,4213,,,,,,,0,0,引,,,,,,,,,,,,,,,,
,,0,341,11,4213,,,,,,,0,0,引,,,,,,,,,,,,,,,,
,,0,342,11,4213,,,,,,,0,0,引,,,,,,,,,,,,,,,,
,,0,343,11,4213,,,,,,,0,0,引,,,,,,,,,,,,,,,,
,,0,344,11,4213,,,,,,,0,0,引,,,,,,,,,,,,,,,,
,,0,345,11,4213,,,,,,,0,0,引,,,,,,,,,,,,,,,,
,,0,346,11,4213,,,,,,,0,0,引,,,,,,,,,,,,,,,,
,,0,347,11,4213,,,,,,,0,0,引,,,,,,,,,,,,,,,,
,,0,348,11,4213,,,,,,,0,0,引,,,,,,,,,,,,,,,,
,,0,349,11,4213,,,,,,,0,0,引,,,,,,,,,,,,,,,,
,,0,350,11,4213,,,,,,,0,0,引,,,,,,,,,,,,,,,,
,,0,351,11,4213,,,,,,,0,0,引,,,,,,,,,,,,,,,,
,,0,352,11,4213,,,,,,,0,0,引,,,,,,,,,,,,,,,,
,,0,353,11,4213,,,,,,,0,0,引,,,,,,,,,,,,,,,,
,,0,354,11,4213,,,,,,,0,0,引,,,,,,,,,,,,,,,,
,,0,355,11,4213,,,,,,,0,0,引,,,,,,,,,,,,,,,,
,,0,356,11,4213,,,,,,,0,0,引,,,,,,,,,,,,,,,,
,,0,357,11,4213,,,,,,,0,0,引,,,,,,,,,,,,,,,,
,,0,358,11,4213,,,,,,,0,0,引,,,,,,,,,,,,,,,,
,,0,359,11,4213,,,,,,,0,0,引,,,,,,,,,,,,,,,,
,,0,360,11,4213,,,,,,,0,0,引,,,,,,,,,,,,,,,,
,,0,361,11,4213,,,,,,,0,0,引,,,,,,,,,,,,,,,,
,,0,362,11,4213,,,,,,,0,0,引,,,,,,,,,,,,,,,,
,,0,363,11,4213,,,,,,,0,0,引,,,,,,,,,,,,,,,,
,,0,364,11,4213,,,,,,,0,0,引,,,,,,,,,,,,,,,,
,,0,365,11,4213,,,,,,,0,0,引,,,,,,,,,,,,,,,,
,,0,366,11,4213,,,,,,,0,0,引,,,,,,,,,,,,,,,,
,,0,367,11,4213,,,,,,,0,0,引,,,,,,,,,,,,,,,,
,,0,368,11,4213,,,,,,,0,0,引,,,,,,,,,,,,,,,,
,,0,369,11,4213,,,,,,,0,0,引,,,,,,,,,,,,,,,,
,,0,370,11,4213,,,,,,,0,0,引,,,,,,,,,,,,,,,,
,,0,371,11,4213,,,,,,,0,0,引,,,,,,,,,,,,,,,,
,,0,372,11,4213,,,,,,,0,0,引,,,,,,,,,,,,,,,,
,,0,373,11,4213,,,,,,,0,0,引,,,,,,,,,,,,,,,,
,,0,374,11,4213,,,,,,,0,0,引,,,,,,,,,,,,,,,,
,,0,375,11,4213,,,,,,,0,0,引,,,,,,,,,,,,,,,,
,,0,376,11,4213,,,,,,,0,0,引,,,,,,,,,,,,,,,,
,,0,377,11,4213,,,,,,,0,0,引,,,,,,,,,,,,,,,,
,,0,378,11,4213,,,,,,,0,0,引,,,,,,,,,,,,,,,,
,,0,379,11,4213,,,,,,,0,0,引,,,,,,,,,,,,,,,,
,,0,380,11,4213,,,,,,,0,0,引,,,,,,,,,,,,,,,,
,,0,381,11,4213,,,,,,,0,0,引,,,,,,,,,,,,,,,,
,,0,382,11,4213,,,,,,,0,0,引,,,,,,,,,,,,,,,,
,,0,383,11,4213,,,,,,,0,0,引,,,,,,,,,,,,,,,,
,,0,384,11,4213,,,,,,,0,0,引,,,,,,,,,,,,,,,,
,,0,385,11,4213,,,,,,,0,0,引,,,,,,,,,,,,,,,,
,,0,386,11,4213,,,,,,,0,0,引,,,,,,,,,,,,,,,,
,,0,387,11,4213,,,,,,,0,0,引,,,,,,,,,,,,,,,,
,,0,388,11,4213,,,,,,,0,0,引,,,,,,,,,,,,,,,,
,,0,389,11,4213,,,,,,,0,0,引,,,,,,,,,,,,,,,,
,,0,390,11,4213,,,,,,,0,0,引,,,,,,,,,,,,,,,,
,,0,391,11,4213,,,,,,,0,0,引,,,,,,,,,,,,,,,,
,,0,392,11,4213,,,,,,,0,0,引,,,,,,,,,,,,,,,,
,,0,393,11,4213,,,,,,,0,0,引,,,,,,,,,,,,,,,,
,,0,394,11,4213,,,,,,,0,0,引,,,,,,,,,,,,,,,,
,,0,395,11,4213,,,,,,,0,0,引,,,,,,,,,,,,,,,,
,,0,396,11,4213,,,,,,,0,0,引,,,,,,,,,,,,,,,,
,,0,397,11,4213,,,,,,,0,0,引,,,,,,,,,,,,,,,,
,,0,398,11,4213,,,,,,,0,0,引,,,,,,,,,,,,,,,,
,,0,399,11,4213,,,,,,,0,0,引,,,,,,,,,,,,,,,,
,,0,400,11,4213,,,,,,,0,0,引,,,,,,,,,,,,,,,,
,,0,401,11,4213,,,,,,,0,0,引,,,,,,,,,,,,,,,,
,,0,402,11,4213,,,,,,,0,0,引,,,,,,,,,,,,,,,,
,,0,403,11,4213,,,,,,,0,0,引,,,,,,,,,,,,,,,,
,,0,404,11,4213,,,,,,,0,0,引,,,,,,,,,,,,,,,,
,,0,405,11,4213,,,,,,,0,0,引,,,,,,,,,,,,,,,,
,,0,406,11,4213,,,,,,,0,0,引,,,,,,,,,,,,,,,,
,,0,407,11,4213,,,,,,,0,0,引,,,,,,,,,,,,,,,,
,,0,408,11,4213,,,,,,,0,0,引,,,,,,,,,,,,,,,,
,,0,409,11,4213,,,,,,,0,0,引,,,,,,,,,,,,,,,,
,,0,410,11,4213,,,,,,,0,0,引,,,,,,,,,,,,,,,,
,,0,411,11,4213,,,,,,,0,0,引,,,,,,,,,,,,,,,,
,,0,412,11,4213,,,,,,,0,0,引,,,,,,,,,,,,,,,,
,,0,413,11,4213,,,,,,,0,0,引,,,,,,,,,,,,,,,,
,,0,414,11,4213,,,,,,,0,0,引,,,,,,,,,,,,,,,,
,,0,415,11,4213,,,,,,,0,0,引,,,,,,,,,,,,,,,,
,,0,416,11,4213,,,,,,,0,0,引,,,,,,,,,,,,,,,,
,,0,417,11,4213,,,,,,,0,0,引,,,,,,,,,,,,,,,,
,,0,418,11,4213,,,,,,,0,0,引,,,,,,,,,,,,,,,,
,,0,419,11,4213,,,,,,,0,0,引,,,,,,,,,,,,,,,,
,,0,420,11,4213,,,,,,,0,0,引,,,,,,,,,,,,,,,,
,,0,421,11,4213,,,,,,,0,0,引,,,,,,,,,,,,,,,,
,,0,422,11,4213,,,,,,,0,0,引,,,,,,,,,,,,,,,,
,,0,423,11,4213,,,,,,,0,0,引,,,,,,,,,,,,,,,,
,,0,424,11,4213,,,,,,,0,0,引,,,,,,,,,,,,,,,,
,,0,425,11,4213,,,,,,,0,0,引,,,,,,,,,,,,,,,,
,,0,426,11,4213,,,,,,,0,0,引,,,,,,,,,,,,,,,,
,,0,427,11,4213,,,,,,,0,0,引,,,,,,,,,,,,,,,,
,,0,428,11,4213,,,,,,,0,0,引,,,,,,,,,,,,,,,,
,,0,429,11,4213,,,,,,,0,0,引,,,,,,,,,,,,,,,,
,,0,430,11,4213,,,,,,,0,0,引,,,,,,,,,,,,,,,,
,,0,431,11,4213,,,,,,,0,0,引,,,,,,,,,,,,,,,,
,,0,432,11,4213,,,,,,,0,0,引,,,,,,,,,,,,,,,,
,,0,433,11,4213,,,,,,,0,0,引,,,,,,,,,,,,,,,,
,,0,434,11,4213,,,,,,,0,0,引,,,,,,,,,,,,,,,,
,,0,435,11,4213,,,,,,,0,0,引,,,,,,,,,,,,,,,,
,,0,436,11,4213,,,,,,,0,0,引,,,,,,,,,,,,,,,,
,,0,437,11,4213,,,,,,,0,0,引,,,,,,,,,,,,,,,,
,,0,438,11,4213,,,,,,,0,0,引,,,,,,,,,,,,,,,,
,,0,439,11,4213,,,,,,,0,0,引,,,,,,,,,,,,,,,,
,,0,440,11,4213,,,,,,,0,0,引,,,,,,,,,,,,,,,,
,,0,441,11,4213,,,,,,,0,0,引,,,,,,,,,,,,,,,,
,,0,442,11,4213,,,,,,,0,0,引,,,,,,,,,,,,,,,,
,,0,443,11,4213,,,,,,,0,0,引,,,,,,,,,,,,,,,,
,,0,444,11,4213,,,,,,,0,0,引,,,,,,,,,,,,,,,,
,,0,445,11,4213,,,,,,,0,0,引,,,,,,,,,,,,,,,,
,,0,446,11,4213,,,,,,,0,0,引,,,,,,,,,,,,,,,,
,,0,447,11,4213,,,,,,,0,0,引,,,,,,,,,,,,,,,,
,,0,448,11,4213,,,,,,,0,0,引,,,,,,,,,,,,,,,,
,,0,449,11,4213,,,,,,,0,0,引,,,,,,,,,,,,,,,,
,,0,450,11,4213,,,,,,,0,0,引,,,,,,,,,,,,,,,,
,,0,451,11,4213,,,,,,,0,0,引,,,,,,,,,,,,,,,,
,,0,452,11,4213,,,,,,,0,0,引,,,,,,,,,,,,,,,,
,,0,453,11,4213,,,,,,,0,0,引,,,,,,,,,,,,,,,,
,,0,454,11,4213,,,,,,,0,0,引,,,,,,,,,,,,,,,,
,,0,455,11,4213,,,,,,,0,0,引,,,,,,,,,,,,,,,,
,,0,456,11,4213,,,,,,,0,0,引,,,,,,,,,,,,,,,,
,,0,457,11,4213,,,,,,,0,0,引,,,,,,,,,,,,,,,,
,,0,458,11,4213,,,,,,,0,0,引,,,,,,,,,,,,,,,,
,,0,459,11,4213,,,,,,,0,0,引,,,,,,,,,,,,,,,,
,,0,460,11,4213,,,,,,,0,0,引,,,,,,,,,,,,,,,,
